StartDate,EndDate,Status,IPAddress,Progress,Duration (in seconds),Finished,RecordedDate,ResponseId,RecipientLastName,RecipientFirstName,RecipientEmail,ExternalReference,LocationLatitude,LocationLongitude,DistributionChannel,UserLanguage,Consent,Gender,Age,check,check_7_TEXT,1A_acceptance,2B_acceptance,3A_acceptance,4B_acceptance,5A_acceptance,6B_acceptance,7A_acceptance,8B_acceptance,9A_acceptance,10B_acceptance,11A_acceptance,12B_acceptance,13A_acceptance,14B_acceptance,15A_acceptance,16B_acceptance,17A_acceptance,18B_acceptance,1B_acceptance,2A_acceptance,3B_acceptance,4A_acceptance,5B_acceptance,6A_acceptance,7B_acceptance,8A_acceptance,9B_acceptance,10A_acceptance,11B_acceptance,12A_acceptance,13B_acceptance,14A_acceptance,15B_acceptance,16A_acceptance,17B_acceptance,18A_acceptance,serious,ID
Start Date,End Date,Response Type,IP Address,Progress,Duration (in seconds),Finished,Recorded Date,Response ID,Recipient Last Name,Recipient First Name,Recipient Email,External Data Reference,Location Latitude,Location Longitude,Distribution Channel,User Language,"If you would like to take part in this study, please read the statement below and click ""I agree"".    I understand the nature of the study, and what is required from me.  I understand that after I participate I will receive a debrief providing me with information about the study and contact details for the researcher.  I understand I am free to withdraw from the study at any time, without having to give a reason for withdrawing, and without prejudice. I agree to provide information to the investigator and understand that my contribution will remain confidential.",Please select your gender,Please enter your age,"Below is a list of hobbies. If you are reading these instructions, please write ""I read the instructions"" in the ""Other"" box. - Selected Choice","Below is a list of hobbies. If you are reading these instructions, please write ""I read the instructions"" in the ""Other"" box. - Other - Text","Suppose [a] is true. Then how probable, in your opinion, is [b]?","Suppose [a] is true. Then how probable, in your opinion, is [b]?","Suppose [a] is true. Then how probable, in your opinion, is [b]?","Suppose [a] is true. Then how probable, in your opinion, is [b]?","Suppose [a] is true. Then how probable, in your opinion, is [b]?","Suppose [a] is true. Then how probable, in your opinion, is [b]?","Suppose [a] is true. Then how probable, in your opinion, is [b]?","Suppose [a] is true. Then how probable, in your opinion, is [b]?","Suppose [a] is true. Then how probable, in your opinion, is [b]?","Suppose [a] is true. Then how probable, in your opinion, is [b]?","Suppose [a] is true. Then how probable, in your opinion, is [b]?","Suppose [a] is true. Then how probable, in your opinion, is [b]?","Suppose [a] is true. Then how probable, in your opinion, is [b]?","Suppose [a] is true. Then how probable, in your opinion, is [b]?","Suppose [a] is true. Then how probable, in your opinion, is [b]?","Suppose [a] is true. Then how probable, in your opinion, is [b]?","Suppose [a] is true. Then how probable, in your opinion, is [b]?","Suppose [a] is true. Then how probable, in your opinion, is [b]?","Suppose [a] is true. Then how probable, in your opinion, is [b]?","Suppose [a] is true. Then how probable, in your opinion, is [b]?","Suppose [a] is true. Then how probable, in your opinion, is [b]?","Suppose [a] is true. Then how probable, in your opinion, is [b]?","Suppose [a] is true. Then how probable, in your opinion, is [b]?","Suppose [a] is true. Then how probable, in your opinion, is [b]?","Suppose [a] is true. Then how probable, in your opinion, is [b]?","Suppose [a] is true. Then how probable, in your opinion, is [b]?","Suppose [a] is true. Then how probable, in your opinion, is [b]?","Suppose [a] is true. Then how probable, in your opinion, is [b]?","Suppose [a] is true. Then how probable, in your opinion, is [b]?","Suppose [a] is true. Then how probable, in your opinion, is [b]?","Suppose [a] is true. Then how probable, in your opinion, is [b]?","Suppose [a] is true. Then how probable, in your opinion, is [b]?","Suppose [a] is true. Then how probable, in your opinion, is [b]?","Suppose [a] is true. Then how probable, in your opinion, is [b]?","Suppose [a] is true. Then how probable, in your opinion, is [b]?","Suppose [a] is true. Then how probable, in your opinion, is [b]?",Please indicate whether or not you responded seriously to the questions in this experiment. (Note that the response to this question is not related to the payment you receive for participating.),Please enter your Worker ID in the box below:
"{""ImportId"":""startDate"",""timeZone"":""Europe/Berlin""}","{""ImportId"":""endDate"",""timeZone"":""Europe/Berlin""}","{""ImportId"":""status""}","{""ImportId"":""ipAddress""}","{""ImportId"":""progress""}","{""ImportId"":""duration""}","{""ImportId"":""finished""}","{""ImportId"":""recordedDate"",""timeZone"":""Europe/Berlin""}","{""ImportId"":""_recordId""}","{""ImportId"":""recipientLastName""}","{""ImportId"":""recipientFirstName""}","{""ImportId"":""recipientEmail""}","{""ImportId"":""externalDataReference""}","{""ImportId"":""locationLatitude""}","{""ImportId"":""locationLongitude""}","{""ImportId"":""distributionChannel""}","{""ImportId"":""userLanguage""}","{""ImportId"":""QID3""}","{""ImportId"":""QID5""}","{""ImportId"":""QID6_TEXT""}","{""ImportId"":""QID67""}","{""ImportId"":""QID67_7_TEXT""}","{""ImportId"":""QID13""}","{""ImportId"":""QID17""}","{""ImportId"":""QID20""}","{""ImportId"":""QID23""}","{""ImportId"":""QID26""}","{""ImportId"":""QID29""}","{""ImportId"":""QID32""}","{""ImportId"":""QID35""}","{""ImportId"":""QID38""}","{""ImportId"":""QID41""}","{""ImportId"":""QID44""}","{""ImportId"":""QID47""}","{""ImportId"":""QID50""}","{""ImportId"":""QID53""}","{""ImportId"":""QID56""}","{""ImportId"":""QID59""}","{""ImportId"":""QID62""}","{""ImportId"":""QID65""}","{""ImportId"":""QID71""}","{""ImportId"":""QID74""}","{""ImportId"":""QID77""}","{""ImportId"":""QID80""}","{""ImportId"":""QID83""}","{""ImportId"":""QID86""}","{""ImportId"":""QID89""}","{""ImportId"":""QID92""}","{""ImportId"":""QID95""}","{""ImportId"":""QID98""}","{""ImportId"":""QID101""}","{""ImportId"":""QID104""}","{""ImportId"":""QID107""}","{""ImportId"":""QID110""}","{""ImportId"":""QID113""}","{""ImportId"":""QID116""}","{""ImportId"":""QID119""}","{""ImportId"":""QID122""}","{""ImportId"":""QID68""}","{""ImportId"":""QID124_TEXT""}"
2020-05-11 22:40:01,2020-05-11 22:40:57,1,,100,55,1,2020-05-11 22:40:57,R_1f10HThA9mXW0XS,,,,,50.468902587890625,4.8621978759765625,preview,EN,,,,,,,,,,,,,,,,,,,,,,,,,,,,,,,,,,,,,,,,,,,
2020-05-11 22:51:46,2020-05-11 22:56:18,0,47.196.151.178,100,272,1,2020-05-11 22:56:18,R_20MO1NoTepemxTQ,,,,,28.0791015625,-82.52449798583984375,anonymous,EN,1,1,37,7,I read the instructions,,6,7,,,5,7,4,,,,4,7,3,7,,7,,,,,,,,,,,,,,,,,,,,1,A3F0NFNLOLFJT0
2020-05-11 22:52:59,2020-05-11 22:56:21,0,103.99.150.233,100,201,1,2020-05-11 22:56:21,R_5sFAB3DSgydO4ut,,,,,11.00750732421875,76.96710205078125,anonymous,EN,1,1,30,7,I read the instructions,2,,,3,5,5,,3,6,2,,,5,,3,,7,,,,,,,,,,,,,,,,,,,,1,A1G10UPKNT2YEX
2020-05-11 22:53:14,2020-05-11 22:56:21,0,76.125.244.14,100,186,1,2020-05-11 22:56:21,R_2V7HmjngkoP8B3u,,,,,40.305206298828125,-79.54180145263671875,anonymous,EN,1,1,33,7,I read the instructions,5,,7,,6,,1,,6,5,6,,,4,,4,,7,,,,,,,,,,,,,,,,,,,1,A3I1W58P6SIV26
2020-05-11 22:54:09,2020-05-11 22:56:35,0,50.224.210.222,100,145,1,2020-05-11 22:56:36,R_3g5BYXwNEPELLvE,,,,,42.189697265625,-71.204803466796875,anonymous,EN,1,1,39,7,I read the instructions,,,,,,,,,,,,,,,,,,,,5,2,,,2,6,,,,4,,2,6,6,4,,2,1,A7R1OLLU1Z6RA
2020-05-11 22:51:32,2020-05-11 22:57:11,0,45.24.132.207,100,339,1,2020-05-11 22:57:12,R_1M6admR3SiAELBI,,,,,33.412506103515625,-84.30120086669921875,anonymous,EN,1,2,35,7,I read the instructions,,,,,,,,,,,,,,,,,,,,6,3,,4,,3,7,,,,,4,6,7,4,4,,1,AF6WFN2THVM4A
2020-05-11 22:51:04,2020-05-11 22:59:13,0,157.51.247.251,100,489,1,2020-05-11 22:59:14,R_2Qiz56z3KSG1bxg,,,,,13.08599853515625,80.27508544921875,anonymous,EN,1,1,33,7,I read the instructions,7,7,,,,,6,5,,,,5,7,7,7,7,7,,,,,,,,,,,,,,,,,,,,1,A1NH9LK567B862
2020-05-11 22:54:53,2020-05-11 23:00:40,0,173.90.75.108,100,346,1,2020-05-11 23:00:40,R_vxDNhymwbpmRhbH,,,,,40.7960968017578125,-81.37979888916015625,anonymous,EN,1,1,43,7,I read the instructions,,,,,,,,,,,,,,,,,,,5,,4,6,4,1,,,,,,,4,5,5,5,5,,1,A2VE5IV9OD2SK1
2020-05-11 22:53:29,2020-05-11 23:00:42,0,104.4.233.225,100,432,1,2020-05-11 23:00:42,R_a03G6FQtniQzh4d,,,,,33.9167938232421875,-118.34320068359375,anonymous,EN,1,2,45,7,I read the instructions,,,,,,,,,,,,,,,,,,,5,,5,7,,,,7,6,7,,7,,,6,6,5,,1,A1JKSAQ8UNCE7B
2020-05-11 22:57:52,2020-05-11 23:01:00,0,68.250.117.122,100,188,1,2020-05-11 23:01:01,R_2PhDXTHJ8hbesdm,,,,,41.5635986328125,-88.2156982421875,anonymous,EN,1,2,34,7,I read the instructions,,4,,,,,5,3,6,3,5,,7,7,,4,7,,,,,,,,,,,,,,,,,,,,1,A3HMDGRGC5JB7E
2020-05-11 22:57:43,2020-05-11 23:02:42,0,75.190.204.157,100,299,1,2020-05-11 23:02:43,R_3syJXBaTaklqbRg,,,,,35.4010009765625,-80.86879730224609375,anonymous,EN,1,2,55,7,I read the instructions,,,,,,,,,,,,,,,,,,,2,7,,,,,2,7,2,7,7,7,4,,3,,,,1,A3OLRWACCCCUTU
2020-05-11 22:56:49,2020-05-11 23:02:46,0,148.74.67.218,100,356,1,2020-05-11 23:02:46,R_31meSfBumX43u1Z,,,,,40.69140625,-73.372802734375,anonymous,EN,1,1,42,7,I read the instructions,5,4,6,5,7,5,,5,,,,3,7,,,,,4,,,,,,,,,,,,,,,,,,,1,A1V2M2C00I5SWW
2020-05-11 22:54:02,2020-05-11 23:03:19,0,216.164.112.118,100,556,1,2020-05-11 23:03:19,R_1hKYZ1nfPzmt4OP,,,,,40.6985931396484375,-75.4833984375,anonymous,EN,1,1,35,7,I read the instructions,,2,6,,,,6,7,,,4,3,,,5,7,7,4,,,,,,,,,,,,,,,,,,,1,A31Z5TPD8QKE26
2020-05-11 22:54:53,2020-05-11 23:03:58,0,67.11.211.128,100,545,1,2020-05-11 23:03:59,R_2P0vGIpFtDTwdM7,,,,,29.5825958251953125,-98.4091033935546875,anonymous,EN,1,1,34,7,I read the instructions,,,,,,,,,,,,,,,,,,,3,,4,,3,4,,5,,,4,6,,,,6,4,7,1,A2MKXI4KCRRI7Y
2020-05-11 22:56:08,2020-05-11 23:04:00,0,65.114.124.139,100,471,1,2020-05-11 23:04:00,R_4GyqOAhC7oRjDyx,,,,,36.6089019775390625,-88.3031005859375,anonymous,EN,1,1,38,7,I read the instructions,,,,,5,,5,,5,3,,,7,4,6,5,7,3,,,,,,,,,,,,,,,,,,,1,A22KRF782ELLB0
2020-05-11 22:59:31,2020-05-11 23:04:23,0,99.135.154.14,100,291,1,2020-05-11 23:04:23,R_2WtXMvOeTiGYDp7,,,,,41.9524993896484375,-88.25360107421875,anonymous,EN,1,1,37,7,I read the instructions,,,,,,,,,,,,,,,,,,,,5,3,6,3,,5,6,4,5,,,,6,,,,3,1,A2NA2OJT15COZY
2020-05-11 22:58:45,2020-05-11 23:05:32,0,35.136.195.181,100,407,1,2020-05-11 23:05:33,R_3huTzDznus7xuH6,,,,,28.92840576171875,-82.49210357666015625,anonymous,EN,1,1,47,7,I read the instructions,4,,7,,,4,6,,6,5,,5,,,6,3,,5,,,,,,,,,,,,,,,,,,,1,A1R0689JPSQ3OF
2020-05-11 22:52:01,2020-05-11 23:06:28,0,157.50.76.223,100,867,1,2020-05-11 23:06:28,R_XOeWKYwmq5mz60N,,,,,13.08599853515625,80.27508544921875,anonymous,EN,1,1,30,7,I read the instructions,2,4,3,6,,5,,2,,,6,1,,,7,,4,,,,,,,,,,,,,,,,,,,,1,A28PS7TGEQCFT4
2020-05-11 22:59:40,2020-05-11 23:06:39,0,183.83.65.70,100,418,1,2020-05-11 23:06:39,R_BzaJUFnIXVeOhKp,,,,,17.3845977783203125,78.4573974609375,anonymous,EN,1,1,28,7,I read the instructions,6,,,3,5,5,4,,,5,5,,7,5,,5,,,,,,,,,,,,,,,,,,,,,1,A1E2Y158WG5FR6
2020-05-11 23:03:24,2020-05-11 23:06:53,0,67.245.12.9,100,208,1,2020-05-11 23:06:53,R_2ZUlDHvhZXjuk9S,,,,,40.6208038330078125,-74.0426025390625,anonymous,EN,1,1,49,7,I read the instructions,,2,7,,4,,,4,2,,4,,,6,7,,6,2,,,,,,,,,,,,,,,,,,,1,A3SKEW89V5S0DI
2020-05-11 22:51:17,2020-05-11 23:08:27,0,103.110.238.84,100,1029,1,2020-05-11 23:08:27,R_DCrUZ5CoNf5iXi9,,,,,11.342803955078125,77.727386474609375,anonymous,EN,1,1,33,7,I read the instructions,,5,,7,6,4,,,5,6,5,2,6,,,,,5,,,,,,,,,,,,,,,,,,,1,ASWZO1WY1UHEP
2020-05-11 22:52:06,2020-05-11 23:08:37,0,122.164.221.170,100,991,1,2020-05-11 23:08:38,R_8p4lF9KsmFr2DIJ,,,,,13.08599853515625,80.27508544921875,anonymous,EN,1,2,30,7,I read the instructions,,,,,,,,,,,,,,,,,,,3,,,5,4,5,5,,4,6,5,7,4,,,,,,1,A1DVKS3R9SLQ1H
2020-05-11 23:09:19,2020-05-11 23:09:48,0,68.100.174.128,100,28,1,2020-05-11 23:09:48,R_WBYXyEcfIjYZSnf,,,,,38.7769927978515625,-77.1894989013671875,anonymous,EN,1,2,55,1,,,,,,,,,,,,,,,,,,,,,,,1,,7,1,1,,1,,1,7,,1,7,1,,2,tt
2020-05-11 23:02:49,2020-05-11 23:10:26,0,68.227.237.55,100,457,1,2020-05-11 23:10:27,R_b1xgHhpASFRie8F,,,,,33.3289031982421875,-111.8657989501953125,anonymous,EN,1,1,28,7,I read the instructions,,,,,,,,,,,,,,,,,,,,3,4,,5,4,3,,4,,4,,5,5,,5,,,1,A3KPQ7L5FS8SD6
2020-05-11 22:58:12,2020-05-11 23:10:30,0,73.153.191.15,100,738,1,2020-05-11 23:10:31,R_30wdmD5VJY9UzbL,,,,,39.6887969970703125,-105.15599822998046875,anonymous,EN,1,2,58,7,I read the instructions,,,,,,,,,,,,,,,,,,,4,,,7,6,,,,6,,2,1,,4,7,5,,6,1,AURYD2FH3FUOQ
2020-05-11 22:53:57,2020-05-11 23:10:35,0,74.129.225.123,100,998,1,2020-05-11 23:10:36,R_1qa0EK3NC03dfoB,,,,,38.1842041015625,-85.83750152587890625,anonymous,EN,1,2,40,7,I read the instructions,6,,,2,4,,4,6,,5,6,3,,5,,4,,,,,,,,,,,,,,,,,,,,,1,ARZEZGD9TYK3Q
2020-05-11 23:05:01,2020-05-11 23:13:47,0,136.37.26.178,100,526,1,2020-05-11 23:13:48,R_YWAyNUtHrG5Ao7L,,,,,39.10009765625,-94.5782012939453125,anonymous,EN,1,1,34,7,I read the instructions,,4,,5,,,5,,,,4,3,6,6,,3,6,3,,,,,,,,,,,,,,,,,,,1,A23JA6ICO4BPQ5
2020-05-11 23:00:51,2020-05-11 23:13:59,0,97.68.111.106,100,788,1,2020-05-11 23:13:59,R_3GdqFxIIldV5liw,,,,,28.30560302734375,-81.41970062255859375,anonymous,EN,1,2,40,7,I read the instructions,,,,5,,2,6,5,,4,,4,7,,6,4,5,,,,,,,,,,,,,,,,,,,,1,A1Y0Y6U906ABT5
2020-05-11 23:08:15,2020-05-11 23:16:00,0,24.127.157.111,100,465,1,2020-05-11 23:16:00,R_RLxoHMMLVfBmXgB,,,,,42.6829986572265625,-83.38800048828125,anonymous,EN,1,1,38,7,I read the instructions,,,,,,,,,,,,,,,,,,,,7,4,,4,,,,3,5,3,6,,,6,,5,4,1,A2ARHK50FQ79YC
2020-05-11 23:07:54,2020-05-11 23:17:12,0,27.62.106.77,100,557,1,2020-05-11 23:17:12,R_w7zohTppPzt4pXP,,,,,13.08599853515625,80.27508544921875,anonymous,EN,1,1,32,7,I read the instructions,,,,,,,,,,,,,,,,,,,6,,6,,4,,7,5,3,,,,3,6,,,6,4,1,A4T7PYGN1BE2P
2020-05-11 23:15:00,2020-05-11 23:18:06,0,98.215.113.246,100,186,1,2020-05-11 23:18:06,R_2YumipyaTrC4P1d,,,,,40.47979736328125,-88.9922027587890625,anonymous,EN,1,2,51,7,I read the instructions,6,6,7,,5,,6,7,7,2,5,,,7,,,,,,,,,,,,,,,,,,,,,,,1,A1R8A1ZKR80MRA
2020-05-11 23:01:55,2020-05-11 23:18:19,0,122.164.220.208,100,984,1,2020-05-11 23:18:20,R_1PSLYKzNwe00w6b,,,,,13.08599853515625,80.27508544921875,anonymous,EN,1,1,32,7,I read the instructions,,,,,,,,,,,,,,,,,,,6,6,,6,,5,4,3,,6,,,2,,,,3,6,1,N/A
2020-05-11 23:14:23,2020-05-11 23:20:00,0,74.105.132.249,100,337,1,2020-05-11 23:20:01,R_SSR1xbuF0sZVKYF,,,,,41.0428924560546875,-74.10040283203125,anonymous,EN,1,2,40,7,I read the instructions,,,,,,,,,,,,,,,,,,,3,5,,6,,6,,,,6,6,5,,5,4,7,,,1,A1CFPKUOCGJIM6
2020-05-11 23:17:41,2020-05-11 23:20:28,0,162.250.82.237,100,166,1,2020-05-11 23:20:28,R_vwMBvfKeFzvApup,,,,,32.4777069091796875,-85.11699676513671875,anonymous,EN,1,2,28,7,I read the instructions,,,,,,,,,,,,,,,,,,,5,,,,4,4,,4,,4,4,4,4,,4,,4,,1,A2M59R65OZRNNX
2020-05-11 23:17:38,2020-05-11 23:21:40,0,159.250.48.144,100,242,1,2020-05-11 23:21:41,R_6DVigopQkqFTPW1,,,,,40.064605712890625,-79.77559661865234375,anonymous,EN,1,1,60,7,I read the instructions,6,,7,,,1,4,6,7,,,4,7,,,4,7,,,,,,,,,,,,,,,,,,,,1,A2H8GNSEVUJXYL
2020-05-11 23:16:31,2020-05-11 23:23:58,0,98.148.74.247,100,447,1,2020-05-11 23:23:58,R_1OrWaUxYBkzX6nu,,,,,33.9167938232421875,-118.34320068359375,anonymous,EN,1,1,31,7,I read the instructions,,,,,,,,,,,,,,,,,,,,7,6,6,7,,7,7,7,,,,,6,,4,,5,1,A1KFK92GEFQ9F5
2020-05-11 23:24:23,2020-05-11 23:28:13,0,70.32.0.137,100,230,1,2020-05-11 23:28:14,R_20P5Ct8nJSWtLT2,,,,,39.048095703125,-77.47280120849609375,anonymous,EN,1,2,35,7,I read the instructions,,,,,,,,,,,,,,,,,,,7,,4,5,,5,,6,4,,,,,5,7,6,,5,1,A38DC3BG1ZCVZ2
2020-05-11 23:27:15,2020-05-11 23:29:27,0,157.51.74.164,100,132,1,2020-05-11 23:29:27,R_1l4zhuH2z5k26r7,,,,,13.08599853515625,80.27508544921875,anonymous,EN,1,2,30,7,i read the instructions,5,,5,4,5,5,,3,,2,5,,6,4,,,,,,,,,,,,,,,,,,,,,,,1,A3IL3HGJW7K6Q1
2020-05-11 23:23:56,2020-05-11 23:33:22,0,157.51.205.136,100,565,1,2020-05-11 23:33:23,R_CkmSfZbuflhXvnb,,,,,13.08599853515625,80.27508544921875,anonymous,EN,1,1,27,7,I read the instructions,,7,1,3,3,,,,7,5,,,,,7,6,7,3,,,,,,,,,,,,,,,,,,,1,A3QI1RV4HQ9MOC
2020-05-11 23:18:52,2020-05-11 23:34:12,0,98.144.251.73,100,919,1,2020-05-11 23:34:12,R_3gXE0WESqiBBwyn,,,,,42.889495849609375,-87.90740203857421875,anonymous,EN,1,1,38,7,I read the instructions,,,,,,,,,,,,,,,,,,,,5,,,,,2,,,6,3,6,4,6,3,,4,4,1,A37WXDYYT7RCZ0
2020-05-11 23:28:09,2020-05-11 23:35:30,0,73.187.250.46,100,440,1,2020-05-11 23:35:31,R_OdlrtxwwUEhxXXP,,,,,40.0305023193359375,-76.28330230712890625,anonymous,EN,1,1,24,7,I read the instructions,,,,,,,,,,,,,,,,,,,4,4,,6,2,4,7,,4,6,4,,4,,,,,,1,A3PGUPNMOU5BPW
2020-05-11 23:35:32,2020-05-11 23:37:22,0,66.69.131.39,100,109,1,2020-05-11 23:37:22,R_2aPFmQT2MX2YDep,,,,,33.951904296875,-98.51450347900390625,anonymous,EN,1,1,31,7,I read the instructions,,,,,,,5,,4,,2,2,5,3,6,4,5,5,,,,,,,,,,,,,,,,,,,1,A24ZKEJTS1O4IW
2020-05-11 23:38:52,2020-05-11 23:43:21,0,8.6.84.157,100,268,1,2020-05-11 23:43:21,R_vHyfBoxQAC7uSsh,,,,,36.5276031494140625,-93.9358978271484375,anonymous,EN,1,1,55,7,I read the instructions,,,,,,,,,,,,,,,,,,,7,7,4,,,,2,7,,,,7,,6,,7,7,7,1,A2R8IV2PWFTY00
2020-05-11 23:40:35,2020-05-11 23:44:45,0,24.131.146.76,100,250,1,2020-05-11 23:44:46,R_1NC9duoYFiwVVDN,,,,,44.9998016357421875,-93.39299774169921875,anonymous,EN,1,1,38,7,I read the instructions,6,5,7,,5,2,,,,,7,4,7,,,4,,4,,,,,,,,,,,,,,,,,,,1,A3V9JFVZQ2XF4Y
2020-05-11 23:36:49,2020-05-11 23:45:01,0,142.255.100.246,100,491,1,2020-05-11 23:45:01,R_3BHDltTESt83Z97,,,,,40.6208038330078125,-74.0426025390625,anonymous,EN,1,1,27,7,I read the instructions,,5,,5,,3,4,3,5,5,,,,3,4,,3,,,,,,,,,,,,,,,,,,,,2,A3292UB6BZWMDB
2020-05-11 23:44:48,2020-05-11 23:50:27,0,173.71.177.43,100,338,1,2020-05-11 23:50:27,R_3ssNYWF89vYwJGH,,,,,40.4322052001953125,-80.1020965576171875,anonymous,EN,1,1,32,7,I read the instructions,7,6,2,,6,4,,,,,7,1,,7,,,7,4,,,,,,,,,,,,,,,,,,,1,A20HZD952T4B2O
2020-05-11 23:42:57,2020-05-11 23:51:08,0,68.33.30.98,100,490,1,2020-05-11 23:51:08,R_rrOS8RAKgJ473Jn,,,,,39.1089935302734375,-77.2489013671875,anonymous,EN,1,1,42,7,I read the instructions,,,,,,,,,,,,,,,,,,,7,7,5,,,5,3,,6,,6,,,4,4,,3,,1,AU2NVT51E749C
2020-05-11 23:43:46,2020-05-11 23:52:43,0,45.26.124.21,100,536,1,2020-05-11 23:52:43,R_3oTjxvf4kIchY8n,,,,,34.231903076171875,-84.16269683837890625,anonymous,EN,1,2,53,7,I read the instructions,,,,,,,,,,,,,,,,,,,,,,7,5,6,,,5,7,6,7,4,,7,6,,,1,A9J48W1C9IZAI
2020-05-11 23:50:15,2020-05-11 23:54:07,0,98.251.169.14,100,232,1,2020-05-11 23:54:07,R_28Sxzh0VV43D0sX,,,,,34.9441070556640625,-89.854400634765625,anonymous,EN,1,2,35,7,I read the instructions,6,4,,7,5,,7,5,,3,,4,7,,6,,,,,,,,,,,,,,,,,,,,,,1,A9YQQIZRWVPIT
2020-05-11 23:47:03,2020-05-11 23:55:46,0,68.14.148.234,100,523,1,2020-05-11 23:55:46,R_p5cXze288n5nd6h,,,,,41.704193115234375,-71.45580291748046875,anonymous,EN,1,2,59,7,I read the instructions,,,,,,,,,,,,,,,,,,,,,6,6,2,,,5,,6,,6,4,,,6,3,4,1,A2F8YFFRKK14QD
2020-05-11 23:52:54,2020-05-11 23:58:02,0,173.88.8.208,100,308,1,2020-05-11 23:58:03,R_2uP8XorCacsl31Y,,,,,40.7667999267578125,-84.09960174560546875,anonymous,EN,1,2,59,7,"I read the instructions ",5,,5,,,3,,,5,,3,4,3,3,,4,,3,,,,,,,,,,,,,,,,,,,1,AVOF14300525D
2020-05-11 23:51:54,2020-05-12 00:00:57,0,89.205.124.6,100,542,1,2020-05-12 00:00:57,R_3oQR6oRKcVfsZub,,,,,41.998504638671875,21.431304931640625,anonymous,EN,1,1,40,7,I read the instructions,,,,,,,,,,,,,,,,,,,5,7,5,,4,4,,5,6,6,5,5,,,,,,,1,A1MXUKWHT9KEBJ
2020-05-11 23:53:29,2020-05-12 00:06:25,0,104.34.83.206,100,776,1,2020-05-12 00:06:26,R_323meE8ki2qVRMz,,,,,34.1670989990234375,-118.53730010986328125,anonymous,EN,1,1,38,7,I read the instructions,,,,,,,,,,,,,,,,,,,,,,5,,,5,,,4,4,,4,5,6,4,5,5,1,A2SYRFPPV9WDEG
2020-05-12 00:05:15,2020-05-12 00:06:29,0,47.196.127.126,100,74,1,2020-05-12 00:06:30,R_ZE4PcLogRjuQt7H,,,,,27.9031982421875,-82.29109954833984375,anonymous,EN,1,1,33,7,I read the instructions,,,,,,,,,,,,,,,,,,,6,,,6,6,3,,4,,,,4,4,3,,6,,4,1,A2IUT0610X9CV0
2020-05-11 23:58:40,2020-05-12 00:10:20,0,76.227.12.50,100,700,1,2020-05-12 00:10:20,R_1ePirQeFpscmoYs,,,,,42.112396240234375,-87.97899627685546875,anonymous,EN,1,2,41,7,I read the instructions,,7,7,4,7,,4,7,,7,7,,,7,1,,,,,,,,,,,,,,,,,,,,,,1,A26UAJWMMNN351
2020-05-12 00:05:56,2020-05-12 00:11:01,0,75.110.108.8,100,304,1,2020-05-12 00:11:01,R_1fmiTW7aG9Lc88a,,,,,35.9237060546875,-77.8339996337890625,anonymous,EN,1,2,36,7,I read the instructions,,4,3,6,5,,,5,6,3,5,,,,,,6,5,,,,,,,,,,,,,,,,,,,1,A2OXE5D9A7KSGW
2020-05-12 00:07:48,2020-05-12 00:12:15,0,108.183.56.97,100,266,1,2020-05-12 00:12:15,R_1K2cmaAETBIAB4o,,,,,42.0825042724609375,-75.90039825439453125,anonymous,EN,1,2,59,7,I read the instructions,,2,,2,,,,4,,3,,4,7,4,7,4,,5,,,,,,,,,,,,,,,,,,,1,A1FGKIKJYSL1MI
2020-05-12 00:13:08,2020-05-12 00:18:18,0,47.27.116.60,100,310,1,2020-05-12 00:18:18,R_VVA5LMHUCn5XCIp,,,,,35.5962066650390625,-81.03389739990234375,anonymous,EN,1,1,32,7,I read the instructions,,,,,,,,,,,,,,,,,,,,6,,5,3,6,,2,7,,6,,,,6,7,5,,1,A8BGHKGBA8O33
2020-05-12 00:14:19,2020-05-12 00:19:13,0,76.20.214.200,100,294,1,2020-05-12 00:19:14,R_2ymfoKlid6KyAkN,,,,,33.899200439453125,-84.85720062255859375,anonymous,EN,1,2,44,7,I read the instructions,7,5,7,,7,1,7,,5,,7,,,,,,7,2,,,,,,,,,,,,,,,,,,,1,A28L1K6D8QUCML
2020-05-12 00:06:44,2020-05-12 00:19:22,0,72.182.197.198,100,758,1,2020-05-12 00:19:23,R_2dMV9m1WElLSuzB,,,,,32.848907470703125,-96.96669769287109375,anonymous,EN,1,2,48,7,I read the instructions,6,,,,,4,6,,,,4,1,6,4,6,5,7,,,,,,,,,,,,,,,,,,,,1,A2TG7EEQ2XG2IK
2020-05-12 00:17:01,2020-05-12 00:29:22,0,96.32.30.254,100,740,1,2020-05-12 00:29:22,R_3noY62Tq1Hp5f8q,,,,,41.9783935546875,-71.89969635009765625,anonymous,EN,1,2,30,7,I read the instructions,,,,,,,,,,,,,,,,,,,6,,4,6,,4,5,,7,,,,,7,2,7,,7,1,AUK4KGOJP9F0H
2020-05-12 00:01:42,2020-05-12 00:29:32,0,49.205.252.169,100,1669,1,2020-05-12 00:29:32,R_1LngWYdSWs5CRRT,,,,,17.6800994873046875,83.20159912109375,anonymous,EN,1,2,34,7,I read the instructions,,,,,,,,,,,,,,,,,,,2,,7,5,6,1,,7,,3,6,7,,,,,2,,1,A3L3ZFL1NYFTCF
2020-05-12 00:05:06,2020-05-12 00:30:29,0,27.59.166.41,100,1522,1,2020-05-12 00:30:29,R_saPjxoypmzVD2qB,,,,,17.3845977783203125,78.4573974609375,anonymous,EN,1,1,37,7,I read the instructions,,,2,5,,1,7,7,7,,,6,6,,,3,,2,,,,,,,,,,,,,,,,,,,1,A353KETOEN0W8T
2020-05-12 00:29:00,2020-05-12 00:35:48,0,183.83.225.87,100,407,1,2020-05-12 00:35:48,R_1K8BoJvYk0Rquf4,,,,,17.3845977783203125,78.4573974609375,anonymous,EN,1,1,41,7,I read the instructions,,,4,4,,,,,1,4,4,7,7,,7,4,4,,,,,,,,,,,,,,,,,,,,1,A3KU8DC7HJOGCM
2020-05-12 00:33:34,2020-05-12 00:38:52,0,75.84.148.132,100,318,1,2020-05-12 00:38:53,R_22lDY1MUW06HE62,,,,,34.18060302734375,-118.4575042724609375,anonymous,EN,1,1,33,7,I read the instructions,,,,,,,,,,,,,,,,,,,,7,,,1,,2,5,,7,5,5,4,,,,4,6,1,A3251CEVVNBBOP
2020-05-12 00:43:39,2020-05-12 00:49:19,0,97.84.162.252,100,340,1,2020-05-12 00:49:19,R_qPB2D3mlyBc8LZf,,,,,43.383697509765625,-84.0989990234375,anonymous,EN,1,1,43,7,I read the instructions,,,,,,,,,,,,,,,,,,,6,,,5,5,5,4,,,5,,,4,4,6,,,5,1,A13T61GJTR2Y9B
2020-05-12 00:34:53,2020-05-12 00:50:56,0,65.60.213.70,100,963,1,2020-05-12 00:50:57,R_3R7st0II16A0XLB,,,,,40.053497314453125,-83.01869964599609375,anonymous,EN,1,2,39,7,I read the instructions,5,4,,,4,4,3,5,,5,,,3,4,,6,,,,,,,,,,,,,,,,,,,,,1,A2APPZDU0VS9LN
2020-05-12 00:52:41,2020-05-12 00:55:46,0,66.41.65.34,100,185,1,2020-05-12 00:55:47,R_3GrmEL9j5wjFxV7,,,,,44.954803466796875,-93.15509796142578125,anonymous,EN,1,1,59,7,I read the instructions,,,,,,,,,,,,,,,,,,,,7,5,,,5,,6,6,,5,6,,6,,6,6,,1,AKX5RHHO8BIUX
2020-05-12 01:01:05,2020-05-12 01:05:45,0,76.18.212.179,100,280,1,2020-05-12 01:05:46,R_DBmkjEUl0J28Cxr,,,,,30.0821990966796875,-81.54979705810546875,anonymous,EN,1,1,32,7,I read the instructions,3,,7,,6,,,6,,2,5,4,7,,5,3,,,,,,,,,,,,,,,,,,,,,1,AKZ8SFOAI4RZN
2020-05-12 00:55:29,2020-05-12 01:05:49,0,108.78.184.187,100,619,1,2020-05-12 01:05:49,R_Tw0x7FRIkyIVhTz,,,,,38.7942962646484375,-90.28170013427734375,anonymous,EN,1,1,34,7,I read the instructions,6,,7,6,,2,7,,7,,,4,,7,,,7,5,,,,,,,,,,,,,,,,,,,1,A1UKZZL7ANOZRZ
2020-05-12 01:10:00,2020-05-12 01:15:22,0,166.182.252.68,100,322,1,2020-05-12 01:15:23,R_12RxRLSrlKAXuBa,,,,,43.0381927490234375,-87.910003662109375,anonymous,EN,1,2,44,7,I read the instructions,,,,,,,,,,,,,,,,,,,,6,5,6,5,,3,,3,,,6,,,4,,5,5,1,A1SWV4X4PD25S1
2020-05-12 01:17:23,2020-05-12 01:24:40,0,103.114.211.45,100,437,1,2020-05-12 01:24:40,R_2bZ3KoeNuL1HLtc,,,,,11.00750732421875,76.96710205078125,anonymous,EN,1,1,30,7,I read the instructions,,,,6,6,5,5,4,,,4,,,7,7,,6,3,,,,,,,,,,,,,,,,,,,1,A20PV3RB3I0W8S
2020-05-12 01:26:36,2020-05-12 01:31:34,0,24.63.6.42,100,298,1,2020-05-12 01:31:35,R_1q4eFrTuNTUvmQx,,,,,42.069000244140625,-72.67600250244140625,anonymous,EN,1,2,58,7,I read the instructions,,,,,,,,,,,,,,,,,,,4,,,,,,,6,7,7,4,6,4,,6,6,5,,1,A1BQBQG2GNY8AY
2020-05-12 01:30:01,2020-05-12 01:35:49,0,99.120.145.100,100,348,1,2020-05-12 01:35:49,R_3hu532yFE8tlJbJ,,,,,32.7637939453125,-117.06999969482421875,anonymous,EN,1,2,35,7,I read the instructions,,4,,6,5,1,,,7,,6,3,,,7,4,7,,,,,,,,,,,,,,,,,,,,1,A1FAA222XZ51I5
2020-05-12 01:32:58,2020-05-12 01:40:12,0,98.4.185.112,100,433,1,2020-05-12 01:40:12,R_3EbSCdWknvdkJiI,,,,,43.18060302734375,-77.5948028564453125,anonymous,EN,1,2,61,7,"""I read these instructions""",,,,,,,,,,,,,,,,,,,,5,4,5,,4,3,6,,6,,,4,5,,,,4,1,A1zo0XPK52VETL
2020-05-12 01:55:15,2020-05-12 02:04:17,0,73.121.1.84,100,542,1,2020-05-12 02:04:18,R_241xTAbwU2P07Pf,,,,,36.2566986083984375,-83.19139862060546875,anonymous,EN,1,2,62,7,I read the instructions,5,2,6,,,,5,6,5,6,,,7,4,,,,5,,,,,,,,,,,,,,,,,,,1,A1HUHOJYQNDH6F
2020-05-12 01:58:04,2020-05-12 02:05:25,0,42.109.132.219,100,441,1,2020-05-12 02:05:26,R_3KTHg5NFQkz5QpI,,,,,13.08599853515625,80.27508544921875,anonymous,EN,1,1,39,7,I read the instructions,,,,,,,,,,,,,,,,,,,7,,7,7,6,5,,7,,,5,,,,7,6,7,,1,AVPD36WUJKJFS
2020-05-12 02:06:15,2020-05-12 02:10:21,0,117.207.127.47,100,245,1,2020-05-12 02:10:21,R_6FnWHHvgS0NePmN,,,,,10.96209716796875,79.391204833984375,anonymous,EN,1,1,34,7,I read the instructions,,,,,,,,,,,,,,,,,,,7,,,,5,,7,,6,7,5,5,7,,,7,,6,1,A1UM7U8DA3RMA9
2020-05-12 02:04:53,2020-05-12 02:12:24,0,107.77.232.23,100,450,1,2020-05-12 02:12:24,R_RsL3dn0RSQnsgJX,,,,,37.751007080078125,-97.82199859619140625,anonymous,EN,1,2,71,7,I read the instructions,,2,7,4,,,5,,4,,7,,7,7,7,,,5,,,,,,,,,,,,,,,,,,,1,A1AYWUSULABAXL
2020-05-12 02:22:17,2020-05-12 02:24:01,0,117.221.137.143,100,104,1,2020-05-12 02:24:01,R_1IEFe1ajhib7MRo,,,,,11.342803955078125,77.727386474609375,anonymous,EN,1,1,37,7,I read the instructions,,,,,,,,,,,,,,,,,,,,6,6,4,6,2,,2,5,,,,,2,6,2,,,1,A272A0JGRTBFCR
2020-05-12 02:25:48,2020-05-12 02:32:35,0,108.53.56.59,100,406,1,2020-05-12 02:32:35,R_3iKmGIrZwTm94zq,,,,,40.8491973876953125,-73.97350311279296875,anonymous,EN,1,1,39,7,I read the instructions,5,5,,,6,3,,6,4,6,,6,,,,6,7,,,,,,,,,,,,,,,,,,,,1,A1R5W4RQZTROD8
2020-05-12 02:33:51,2020-05-12 02:39:30,0,27.7.191.244,100,338,1,2020-05-12 02:39:31,R_1Fs7oBkc2V9sqOQ,,,,,12.97210693359375,77.593292236328125,anonymous,EN,1,1,54,7,I read the instructions,5,,,6,5,,6,6,,,,,6,5,6,6,,3,,,,,,,,,,,,,,,,,,,1,A1NF6PELRKACS9
2020-05-12 02:28:40,2020-05-12 02:39:57,0,157.50.41.134,100,677,1,2020-05-12 02:39:57,R_3fTY1erbFnC9NSg,,,,,13.08599853515625,80.27508544921875,anonymous,EN,1,1,36,7,I read the instructions,,,,,,,,,,,,,,,,,,,2,7,,,,,6,,,7,7,7,5,6,,,5,6,1,A1Q7VWUBIJOK17
2020-05-12 02:37:37,2020-05-12 02:43:04,0,42.109.148.191,100,326,1,2020-05-12 02:43:04,R_1IF6WERKze3HCSH,,,,,10.5160064697265625,76.2156982421875,anonymous,EN,1,1,29,7,i read the instructions,,,3,,,3,,3,,3,6,3,3,,,2,5,2,,,,,,,,,,,,,,,,,,,1,A37M4OVE9R80G
2020-05-12 02:38:40,2020-05-12 02:44:04,0,99.176.0.106,100,324,1,2020-05-12 02:44:05,R_3EmnTrSoCu45Aob,,,,,34.64300537109375,-86.816802978515625,anonymous,EN,1,2,30,7,I read the instructions,,,,,,,,,,,,,,,,,,,,7,,7,,,3,7,,7,5,6,,4,,4,6,,1,A1HAUHRSK9158F
2020-05-12 02:54:21,2020-05-12 03:00:28,0,71.60.157.213,100,366,1,2020-05-12 03:00:28,R_2cCvgsWbpbuDdQc,,,,,40.4405059814453125,-79.99559783935546875,anonymous,EN,1,2,27,7,I read the instructions,,,,,,,,,,,,,,,,,,,6,,6,6,4,3,,,4,,,,2,,7,5,,5,1,A2P53S6010KQBL
2020-05-12 03:13:50,2020-05-12 03:18:10,0,72.177.11.14,100,259,1,2020-05-12 03:18:10,R_2TQL7UmgYDuSh7u,,,,,30.4031982421875,-97.75299835205078125,anonymous,EN,1,1,29,7,I read the instructions,,4,7,7,,6,7,,3,7,,,6,,,4,7,,,,,,,,,,,,,,,,,,,,1,AMX5R6NLYNA2K
2020-05-12 03:09:13,2020-05-12 03:19:03,0,157.41.242.183,100,589,1,2020-05-12 03:19:04,R_3hgbd9mGNNuAmfM,,,,,20.27130126953125,85.833404541015625,anonymous,EN,1,1,35,7,I read the instructions,6,7,7,,6,,3,5,,6,6,3,,,6,,,,,,,,,,,,,,,,,,,,,,1,A9KSSJXDB6GPE
2020-05-12 03:08:20,2020-05-12 03:19:06,0,71.202.98.199,100,646,1,2020-05-12 03:19:06,R_r0UJCRMwACLSOpr,,,,,37.5625,-122.000396728515625,anonymous,EN,1,1,28,7,I read the instructions,,,,,,,,,,,,,,,,,,,,5,3,,5,3,,6,4,,6,5,5,,,,,3,1,A1CHC8M7CWC254
2020-05-12 03:32:23,2020-05-12 03:36:35,0,107.193.105.9,100,252,1,2020-05-12 03:36:36,R_3MLoEC13e1rW9mZ,,,,,33.0950927734375,-96.88050079345703125,anonymous,EN,1,2,28,7,I read the instructions,,,,,,,,,,,,,,,,,,,5,,3,,4,,4,6,,6,,,4,6,5,,5,,1,APDZX0GWOK1GG
2020-05-12 03:36:50,2020-05-12 03:45:33,0,103.121.75.174,100,523,1,2020-05-12 03:45:33,R_PtxVIzzgGO6AHy9,,,,,19.1970062255859375,72.9635009765625,anonymous,EN,1,1,40,7,I read the instructions,,2,,7,,,7,7,1,7,,,,7,,2,5,1,,,,,,,,,,,,,,,,,,,1,A3QS7M912JGKFD
2020-05-12 03:54:02,2020-05-12 03:55:26,0,122.178.81.113,100,83,1,2020-05-12 03:55:26,R_3MKFNRDBW082klr,,,,,11.00750732421875,76.96710205078125,anonymous,EN,1,1,38,2,,5,,5,,4,3,,,,,6,5,6,7,6,,,6,,,,,,,,,,,,,,,,,,,1,A33TFZWRGY3ASF
2020-05-12 03:54:24,2020-05-12 03:57:13,0,117.202.40.202,100,168,1,2020-05-12 03:57:13,R_1HpZ3iVizMqu5WL,,,,,11.00750732421875,76.96710205078125,anonymous,EN,1,2,36,7,I read the instructions,,,,,,,,,,,,,,,,,,,6,3,5,5,5,,,,,5,6,5,6,,,5,,,1,A7150GR6HHY5D
2020-05-12 04:00:02,2020-05-12 04:01:24,0,49.207.136.210,100,81,1,2020-05-12 04:01:24,R_3JJ0nLzZ86Sy5X7,,,,,13.08599853515625,80.27508544921875,anonymous,EN,1,1,25,7,I read the instructions,,,,,,,,,,,,,,,,,,,,5,,5,5,,,,4,4,,,,5,5,3,2,5,1,A3SLY0SJLJZ0J1
2020-05-12 03:41:58,2020-05-12 04:04:46,0,157.50.67.47,100,1367,1,2020-05-12 04:04:46,R_agyRUHRfwcLezGV,,,,,13.08599853515625,80.27508544921875,anonymous,EN,1,2,45,7,I read the instructions,,,,,,,,,,,,,,,,,,,2,5,,6,,4,6,,6,,,,,5,6,,4,6,1,AAC5XT7UY7B2K
2020-05-12 04:02:10,2020-05-12 04:08:38,0,49.204.128.189,100,388,1,2020-05-12 04:08:38,R_2QLmyT0Msb4hW2Z,,,,,11.00750732421875,76.96710205078125,anonymous,EN,1,2,39,7,I read the instructions,,,,,,,,,,,,,,,,,,,6,,4,,,7,7,1,,,6,6,7,,,,7,1,1,A2XI3DX3IJ1TAV
2020-05-12 04:06:12,2020-05-12 04:10:20,0,172.223.201.44,100,247,1,2020-05-12 04:10:20,R_2v7JxVs6ngZW2o6,,,,,43.2151031494140625,-124.198394775390625,anonymous,EN,1,2,50,7,I read the instructions,,,,,,,,,,,,,,,,,,,,5,3,7,4,6,,,,6,5,7,,,,6,,5,1,A2SBN9B6Q3DN2X
2020-05-12 03:57:28,2020-05-12 04:11:10,0,103.136.136.106,100,821,1,2020-05-12 04:11:10,R_33qycN2lU9oj3Ha,,,,,13.08599853515625,80.27508544921875,anonymous,EN,1,1,39,3,,,2,6,,7,,6,6,6,2,,,3,5,6,,,,,,,,,,,,,,,,,,,,,,1,A266GU3J5H4TRL
2020-05-12 04:10:58,2020-05-12 04:18:37,0,74.250.128.179,100,458,1,2020-05-12 04:18:38,R_2y8fvT4Nd0gttYB,,,,,33.0498046875,-83.9394989013671875,anonymous,EN,1,2,53,7,I read the instructions,6,,,1,5,5,3,,,,6,1,,,,4,7,2,,,,,,,,,,,,,,,,,,,1,A2KXARDIOGJL8T
2020-05-12 04:25:23,2020-05-12 04:30:24,0,216.171.20.213,100,300,1,2020-05-12 04:30:24,R_1GOkP8SCoOx5oO7,,,,,40.02630615234375,-88.568603515625,anonymous,EN,1,1,40,7,I read the instructions,2,3,,,,,,,4,,,5,7,3,6,5,6,2,,,,,,,,,,,,,,,,,,,1,A2YLF04UAKYVF1
2020-05-12 04:18:11,2020-05-12 04:32:43,0,172.9.28.218,100,872,1,2020-05-12 04:32:44,R_CgHnzr2aPBPzYdz,,,,,41.72650146484375,-87.55930328369140625,anonymous,EN,1,1,49,7,I read the instructions,,,,,,,,,,,,,,,,,,,6,7,,,,,4,7,5,,,,4,4,5,6,5,,1,A3862RIFFUV141
2020-05-12 04:28:39,2020-05-12 04:38:53,0,122.183.167.113,100,613,1,2020-05-12 04:38:53,R_22r8TUk7S3clwTk,,,,,13.08599853515625,80.27508544921875,anonymous,EN,1,1,35,7,I read the instructions,,,,,,,,,,,,,,,,,,,,,6,5,5,,,,5,6,2,,5,,7,,6,2,1,A2EO6IBGQEOMLB
2020-05-12 04:32:50,2020-05-12 04:43:56,0,43.229.90.90,100,666,1,2020-05-12 04:43:56,R_27j0TpLyRijlApd,,,,,10.5160064697265625,76.2156982421875,anonymous,EN,1,1,44,7,I read the instructions,,3,4,5,,3,7,5,,4,6,,,4,5,,,,,,,,,,,,,,,,,,,,,,1,A26RPQDD0RQEHL
2020-05-12 04:37:28,2020-05-12 04:49:28,0,42.111.167.85,100,720,1,2020-05-12 04:49:29,R_1LYcjWytKjHI1cK,,,,,13.08599853515625,80.27508544921875,anonymous,EN,1,1,35,7,I read the instructions,5,,3,,,2,,6,,7,,2,5,,,2,6,2,,,,,,,,,,,,,,,,,,,1,A9EVF0SO2IUJ0
2020-05-12 04:36:52,2020-05-12 05:00:00,0,103.242.189.8,100,1388,1,2020-05-12 05:00:01,R_1Pcp47oeaSYaTkt,,,,,22.5655059814453125,88.36529541015625,anonymous,EN,1,1,45,7,I read the instructions,,,,,,,,,,,,,,,,,,,2,,,6,,3,4,5,7,,5,6,,4,,,5,,1,A2WTDVHVVORNDU
2020-05-12 04:45:48,2020-05-12 05:04:59,0,157.50.16.105,100,1151,1,2020-05-12 05:05:00,R_214bMuMo8pEJZho,,,,,13.08599853515625,80.27508544921875,anonymous,EN,1,1,37,7,I read the instructions,,,,,,,,,,,,,,,,,,,,7,2,,6,,7,7,,7,,,2,5,6,5,,,1,A2ZX69756WSLQ4
2020-05-12 05:04:39,2020-05-12 05:08:40,0,67.182.23.162,100,240,1,2020-05-12 05:08:40,R_2riNBMYDJ1P82da,,,,,38.5447998046875,-121.7447967529296875,anonymous,EN,1,1,26,7,I read the instructions,,,,,,,,,,,,,,,,,,,5,5,,,,4,2,,3,3,,5,5,,,,6,4,1,A1XLGIFFGB01EU
2020-05-12 05:08:40,2020-05-12 05:13:59,0,202.164.148.19,100,319,1,2020-05-12 05:13:59,R_1l0l44rpkoRumga,,,,,8.482696533203125,76.947906494140625,anonymous,EN,1,2,34,7,I read the instructions,,7,7,4,6,,5,,,,7,2,,,7,4,7,,,,,,,,,,,,,,,,,,,,1,A2BO8M77CS3SGZ
2020-05-12 04:43:40,2020-05-12 05:16:51,0,157.50.57.199,100,1991,1,2020-05-12 05:16:52,R_1ptEwrGyijddx4e,,,,,13.08599853515625,80.27508544921875,anonymous,EN,1,1,46,4,,5,,,1,7,5,,2,3,6,7,,5,,,,,1,,,,,,,,,,,,,,,,,,,1,AZMJHIX05LZ7D
2020-05-12 05:26:44,2020-05-12 05:28:46,0,223.182.194.143,100,121,1,2020-05-12 05:28:46,R_2rBIeB9HTejQNlf,,,,,11.00750732421875,76.96710205078125,anonymous,EN,1,1,27,2,,6,6,6,,,,,7,5,,,,6,7,5,6,,6,,,,,,,,,,,,,,,,,,,1,A1XO6ONCCTBMKW
2020-05-12 05:28:49,2020-05-12 05:34:48,0,174.97.184.89,100,358,1,2020-05-12 05:34:48,R_3rG5f8Re8wSBO4q,,,,,44.48199462890625,-88.01850128173828125,anonymous,EN,1,1,68,7,I read the instructions,,,,,,,,,,,,,,,,,,,1,,,4,1,4,2,6,,,4,6,,,,,5,5,1,A3QIG18VHBXBSZ
2020-05-12 05:20:26,2020-05-12 05:52:36,0,103.242.199.55,100,1930,1,2020-05-12 05:52:36,R_eDu7voe1HoyVeM1,,,,,22.5655059814453125,88.36529541015625,anonymous,EN,1,1,40,7,I read the instructions,,,,,,,,,,,,,,,,,,,6,,1,2,,4,,7,,,6,6,,6,4,4,,,1,A3AA5G6HENO6VJ
2020-05-12 07:05:40,2020-05-12 07:22:08,0,106.217.211.122,100,988,1,2020-05-12 07:22:08,R_1K714HYcL3WbxR8,,,,,17.391204833984375,78.479095458984375,anonymous,EN,1,1,45,7,I read the instructions,,,,,,,,,,,,,,,,,,,,7,4,,6,,,,7,6,,,7,5,7,6,,5,1,A1KF93C9NTOP42
2020-05-12 07:17:56,2020-05-12 07:27:01,0,58.182.6.190,100,545,1,2020-05-12 07:27:02,R_r86MjxRNcZQDedH,,,,,1.2928924560546875,103.854705810546875,anonymous,EN,1,1,39,7,I read the instructions,,,,,,,,,,,,,,,,,,,5,6,,,,4,3,6,,,,,,6,6,6,4,6,1,A2YHSU2IJZ9J14
2020-05-12 08:51:32,2020-05-12 08:59:05,0,157.51.100.24,100,453,1,2020-05-12 08:59:05,R_3gLwUAmpC2X0ZYC,,,,,13.08599853515625,80.27508544921875,anonymous,EN,1,1,38,7,I read the instructions,,,,3,6,5,2,,4,7,5,6,,3,,,6,,,,,,,,,,,,,,,,,,,,1,A1TK0ZMZ571GG0
2020-05-12 09:09:55,2020-05-12 09:13:23,0,136.24.243.198,100,207,1,2020-05-12 09:13:23,R_1l3rgEnNfhOTp1O,,,,,37.7642059326171875,-122.39929962158203125,anonymous,EN,1,2,30,7,I read the instructions,,,,,,,,,,,,,,,,,,,,5,3,6,3,,,,5,5,4,6,4,,,4,,,1,A3PYB8Z6FFWSOV
2020-05-12 09:12:15,2020-05-12 09:14:23,0,157.50.241.72,100,127,1,2020-05-12 09:14:23,R_2xLh2swSqWMQ4Qk,,,,,13.08599853515625,80.27508544921875,anonymous,EN,1,1,45,6,,,,,,,7,7,,6,6,,,7,1,6,5,6,7,,,,,,,,,,,,,,,,,,,1,A2MY4WIH9VPVA6
2020-05-12 09:09:55,2020-05-12 09:17:49,0,157.50.31.149,100,473,1,2020-05-12 09:17:49,R_3OlDrWhp9jzCLzx,,,,,13.08599853515625,80.27508544921875,anonymous,EN,1,1,43,7,I read the instructions,,,,,,,,,,,,,,,,,,,4,,,,,4,,7,5,7,6,7,6,6,,,,5,1,AJZBAP861F6X1
2020-05-12 09:25:17,2020-05-12 09:38:42,0,183.83.37.133,100,804,1,2020-05-12 09:38:42,R_2ZHMOqxwAVVyWve,,,,,17.3845977783203125,78.4573974609375,anonymous,EN,1,2,44,7,"""I read the instructions""",7,3,6,5,6,,,6,7,,6,3,,,,6,,,,,,,,,,,,,,,,,,,,,1,A1AXD2Q0MREL8W
2020-05-12 11:29:14,2020-05-12 11:37:26,0,173.28.238.176,100,492,1,2020-05-12 11:37:27,R_1GNzThiAYjFOz6M,,,,,32.478302001953125,-84.89849853515625,anonymous,EN,1,1,37,7,I read the instructions,,,,,,,,,,,,,,,,,,,,,4,6,4,4,4,5,,6,,4,,,6,,3,,1,A2C6KUVF0FAIY8
2020-05-12 12:06:35,2020-05-12 12:13:41,0,76.217.241.48,100,425,1,2020-05-12 12:13:41,R_1Dv9gtI6YjbgNUf,,,,,39.708099365234375,-84.10579681396484375,anonymous,EN,1,2,49,7,I read the instructions,6,,7,4,,2,4,,,,5,2,7,,7,,,5,,,,,,,,,,,,,,,,,,,1,A2EDI66B0KTBEH
2020-05-12 12:19:47,2020-05-12 12:24:38,0,108.31.58.191,100,290,1,2020-05-12 12:24:38,R_9U0KR54xznqnsA1,,,,,38.643798828125,-77.34510040283203125,anonymous,EN,1,2,52,7,I read the instructions,,,,,,,,,,,,,,,,,,,3,7,3,7,5,,,,6,,3,,5,7,,,,6,1,A28P3ZGZB3XG9P
2020-05-12 12:48:24,2020-05-12 12:56:38,0,67.149.230.40,100,494,1,2020-05-12 12:56:39,R_3G7YX5eUXr4IRg5,,,,,42.460205078125,-83.13430023193359375,anonymous,EN,1,1,35,7,I read the instructions,,2,6,,4,2,,6,,4,,4,,4,,3,6,,,,,,,,,,,,,,,,,,,,1,A3J2UG22S8BIW4
2020-05-12 12:54:06,2020-05-12 13:00:10,0,71.191.77.216,100,364,1,2020-05-12 13:00:11,R_2yq4vZQ3OlD2knd,,,,,38.906402587890625,-77.12779998779296875,anonymous,EN,1,1,33,7,I read the instructions,,,,,,,,,,,,,,,,,,,7,,,7,,3,5,,6,6,,7,,,6,6,3,,1,A2LV5432PV1S39
2020-05-12 13:16:21,2020-05-12 13:27:31,0,101.0.35.49,100,670,1,2020-05-12 13:27:32,R_1OqtLnaGv0bD1sL,,,,,30.736602783203125,76.792510986328125,anonymous,EN,1,1,30,7,I read the instructions,6,3,,,3,,5,,5,,,,7,6,6,,7,3,,,,,,,,,,,,,,,,,,,1,A18LFH7XW61JO9
2020-05-12 13:26:02,2020-05-12 13:35:00,0,69.142.74.189,100,537,1,2020-05-12 13:35:00,R_RytmbqPvSXXDt7P,,,,,39.3773040771484375,-74.61229705810546875,anonymous,EN,1,1,33,7,I read the instructions,6,2,6,5,6,2,,5,,4,5,,,,,4,,,,,,,,,,,,,,,,,,,,,1,A25CAT0W9W97Z8
2020-05-12 13:29:42,2020-05-12 13:36:30,0,68.12.200.69,100,407,1,2020-05-12 13:36:30,R_1jqvHWYtHvMPSwl,,,,,35.5637054443359375,-97.64080047607421875,anonymous,EN,1,1,39,7,I read the instructions,,,,,,,,,,,,,,,,,,,,,5,,6,,,5,,,3,,3,6,6,3,6,5,1,A10DGGOQ9N186P
2020-05-12 13:49:14,2020-05-12 13:52:26,0,67.78.179.62,100,191,1,2020-05-12 13:52:27,R_1pxuSDQRZ2TPMvt,,,,,28.5435943603515625,-81.37380218505859375,anonymous,EN,1,2,31,7,I read the instructions,,,,4,,,7,4,3,5,4,4,6,5,,,,3,,,,,,,,,,,,,,,,,,,1,A1BVQEM4JM0XH3
2020-05-12 13:50:22,2020-05-12 13:54:11,0,73.119.242.192,100,228,1,2020-05-12 13:54:11,R_2YaWqjOXCIeFRW9,,,,,43.0110015869140625,-71.45709991455078125,anonymous,EN,1,2,37,7,I read the instructions,,,,,,,,,,,,,,,,,,,,5,,5,,,3,6,,,,6,4,6,5,5,,5,1,A3QSJY1FFN0N6V
2020-05-12 14:13:16,2020-05-12 14:19:04,0,70.185.96.81,100,348,1,2020-05-12 14:19:04,R_3CEqHdktRj0v4x7,,,,,29.6475067138671875,-82.40399932861328125,anonymous,EN,1,1,59,7,I read the instructions,,,,,,,,,,,,,,,,,,,5,6,4,,4,2,4,,3,6,4,,,,,,3,,1,AELOYBHVZFDW9
2020-05-12 14:36:44,2020-05-12 14:43:23,0,73.240.82.174,100,398,1,2020-05-12 14:43:23,R_3n3mM63pBFBPnFC,,,,,44.592803955078125,-123.27459716796875,anonymous,EN,1,1,33,7,I read the instructions,7,,6,,5,4,5,6,,,,3,,,6,4,6,,,,,,,,,,,,,,,,,,,,1,A320QA9HJFUOZO
2020-05-12 14:42:51,2020-05-12 14:46:30,0,174.126.244.111,100,218,1,2020-05-12 14:46:30,R_2ZIgiaTPKI9pAOK,,,,,33.4795989990234375,-88.3527984619140625,anonymous,EN,1,2,44,7,I read the instructions,,7,,1,,,,,1,7,7,,7,7,7,,1,1,,,,,,,,,,,,,,,,,,,1,A3A8P4UR9A0DWQ
2020-05-12 14:53:21,2020-05-12 14:57:00,0,142.197.36.26,100,219,1,2020-05-12 14:57:01,R_SYPrmHQ6DEIYomt,,,,,28.91070556640625,-81.19570159912109375,anonymous,EN,1,2,43,7,I read the instructions,,,,,,,,,,,,,,,,,,,3,,4,,,4,3,,2,,5,6,4,4,7,,,,1,A1RT9SQ9D9DLOV
2020-05-12 14:55:03,2020-05-12 14:58:03,0,71.188.59.132,100,180,1,2020-05-12 14:58:04,R_eFoMrHbLf7EmufD,,,,,40.39019775390625,-74.77100372314453125,anonymous,EN,1,1,32,7,"""I read the instructions",,,,,,,,,,,,,,,,,,,,3,,4,4,4,,6,,6,,,,6,,3,3,5,1,A1CSDIX05PK9V
2020-05-12 15:00:06,2020-05-12 15:04:06,0,47.185.73.125,100,239,1,2020-05-12 15:04:11,R_u2hJobVLrYs2DXr,,,,,32.932098388671875,-97.2834014892578125,anonymous,EN,1,2,32,7,I read the instructions,6,5,,,,4,7,,5,,6,6,,,,6,6,5,,,,,,,,,,,,,,,,,,,1,ARLGZWN6W91WD
2020-05-12 15:02:26,2020-05-12 15:05:07,0,73.43.61.230,100,161,1,2020-05-12 15:05:07,R_3fdXUEJNHSLSBqn,,,,,33.4665985107421875,-84.4763031005859375,anonymous,EN,1,1,34,7,I read the instructions,,,,,,,,,,,,,,,,,,,,,,2,6,,1,6,6,,1,5,2,,5,,,6,2,A3LMI7ZDFO8JHR
2020-05-12 15:07:42,2020-05-12 15:15:44,0,208.111.1.19,100,481,1,2020-05-12 15:15:44,R_3qNGZI5iOotfGAb,,,,,28.5435943603515625,-81.37380218505859375,anonymous,EN,1,2,45,7,I read the instructions,5,,7,7,6,,,5,,6,,,7,5,7,,6,,,,,,,,,,,,,,,,,,,,1,A2YRVWNH160P8D
2020-05-12 15:22:05,2020-05-12 15:27:34,0,173.48.68.100,100,329,1,2020-05-12 15:27:35,R_2dLmn3fSDHvMzfJ,,,,,41.908203125,-71.1031036376953125,anonymous,EN,1,2,58,7,I read the instructions,,,,,,,,,,,,,,,,,,,7,6,4,,3,3,2,,2,7,,,,,,6,4,,1,A2HG1N3BVQO6I
2020-05-12 15:26:34,2020-05-12 15:31:49,0,73.191.148.6,100,314,1,2020-05-12 15:31:50,R_3nlcHc3fabqwpu1,,,,,43.1963043212890625,-86.271697998046875,anonymous,EN,1,2,66,7,I read the instructions,,4,6,,,4,6,5,5,6,,,7,7,,,,3,,,,,,,,,,,,,,,,,,,1,A2IU5TX5S0FA1C
2020-05-12 15:37:37,2020-05-12 15:44:36,0,71.196.41.108,100,418,1,2020-05-12 15:44:36,R_3RpTZgPh1YR7lk1,,,,,26.016204833984375,-80.19550323486328125,anonymous,EN,1,1,27,7,I read the instructions,,5,,5,7,2,,,,7,7,,,,7,4,7,5,,,,,,,,,,,,,,,,,,,1,A1iz4nx41gku4x
2020-05-12 15:37:10,2020-05-12 15:49:24,0,71.203.132.231,100,734,1,2020-05-12 15:49:24,R_skaPT24J3b6whJ7,,,,,30.2711944580078125,-81.752899169921875,anonymous,EN,1,2,39,7,I read the instructions,6,,,3,4,,,5,,,6,4,7,4,7,3,,,,,,,,,,,,,,,,,,,,,1,A1QX1RYLCFXZJ9
2020-05-12 15:46:55,2020-05-12 15:50:01,0,175.101.89.195,100,186,1,2020-05-12 15:50:01,R_STAmSqnkNhp5LBT,,,,,16.4355010986328125,80.995513916015625,anonymous,EN,1,1,22,7,I read the instructions,,,,,,,,,,,,,,,,,,,6,7,,,,,,5,,,6,,6,7,7,6,5,6,1,A3HALUPLZ4IKYJ
2020-05-12 15:47:04,2020-05-12 15:57:15,0,184.17.88.249,100,610,1,2020-05-12 15:57:15,R_33dPB4Zo68Sa6rh,,,,,41.1468048095703125,-85.20670318603515625,anonymous,EN,1,2,33,7,I read the instructions,,,7,5,,4,4,,4,5,6,3,,,6,,,6,,,,,,,,,,,,,,,,,,,1,AJNQ2PBD07FKE
2020-05-11 22:46:21,2020-05-11 22:46:29,0,109.128.37.239,2,8,0,2020-05-12 22:46:29,R_2SlF0WzQ9QJHnoW,,,,,,,anonymous,EN,,,,,,,,,,,,,,,,,,,,,,,,,,,,,,,,,,,,,,,,,,,
2020-05-11 22:51:12,2020-05-11 22:52:26,0,117.201.10.247,73,74,0,2020-05-12 22:52:27,R_3s5Gasu25SeagyP,,,,,,,anonymous,EN,1,1,31,7,I read the instructions,,,,,,,,,,,,,,,,,,,,,,,,,,,,,,,,,,,,,,
2020-05-11 22:52:49,2020-05-11 22:53:07,0,157.46.107.16,2,18,0,2020-05-12 22:53:16,R_1nSFXbyd5wAKFJh,,,,,,,anonymous,EN,,,,,,,,,,,,,,,,,,,,,,,,,,,,,,,,,,,,,,,,,,,
2020-05-11 22:53:37,2020-05-11 22:54:14,0,99.101.100.7,73,37,0,2020-05-12 22:54:40,R_3rP89gTe8qJc096,,,,,,,anonymous,EN,1,1,31,7,I read the instructions,,,,,,,,,,,,,,,,,,,,,,,,,,,,,,,,,,,,,,
2020-05-11 22:54:28,2020-05-11 22:55:03,0,73.138.30.93,28,34,0,2020-05-12 22:55:06,R_126cApTqP7ntiHO,,,,,,,anonymous,EN,1,1,42,7,I read the instructions,,,,,,,,,,,,,,,,,,,,,,,,,,,,,,,,,,,,,,
2020-05-11 23:09:07,2020-05-11 23:09:17,0,68.100.174.128,7,10,0,2020-05-12 23:09:41,R_w02CUPh7N82vHVf,,,,,,,anonymous,EN,1,1,55,2,,,,,,,,,,,,,,,,,,,,,,,,,,,,,,,,,,,,,,,
2020-05-11 23:13:05,2020-05-11 23:14:32,0,68.100.174.128,98,86,0,2020-05-12 23:14:33,R_24BNmWz2DRJa09Y,,,,,,,anonymous,EN,1,1,55,1,,1,,1,1,1,1,,,1,1,,1,,,1,,,1,,,,,,,,,,,,,,,,,,,,
2020-05-11 23:16:09,2020-05-11 23:16:25,0,68.100.174.128,28,15,0,2020-05-12 23:16:27,R_2Vn0qMMsq6zbtWj,,,,,,,anonymous,EN,1,1,24,7,I read the instructions,,,,,,,,,,,,,,,,,,,,,,,,,,,,,,,,,,,,,,
2020-05-11 23:47:41,2020-05-11 23:50:09,0,174.128.225.2,98,148,0,2020-05-12 23:50:24,R_1liCiI7CrGe1GOf,,,,,,,anonymous,EN,1,1,35,7,I read the instructions,,,,5,,,5,6,3,5,,,7,,7,6,7,7,,,,,,,,,,,,,,,,,,,,
2020-05-12 00:01:40,2020-05-12 00:02:34,0,38.126.71.6,73,53,0,2020-05-13 00:03:08,R_3fvleMYzzFwcM1i,,,,,,,anonymous,EN,1,1,40,7,I read the instructions,,,,,,,,,,,,,,,,,,,,,,,,,,,,,,,,,,,,,,
2020-05-11 23:56:45,2020-05-12 00:05:20,0,12.129.64.197,31,514,0,2020-05-13 00:05:35,R_2pVq3qaw0SZR2Ir,,,,,,,anonymous,EN,1,1,30,7,I read the instructions,,,,,,,,,,,,,,4,,,,,,,,,,,,,,,,,,,,,,,,
2020-05-12 00:07:15,2020-05-12 00:08:04,0,68.9.123.140,73,48,0,2020-05-13 00:08:06,R_3ozTvdn6VpgU6Aj,,,,,,,anonymous,EN,1,2,54,7,I read the instructions,,,,,,,,,,,,,,,,,,,,,,,,,,,,,,,,,,,,,,
2020-05-12 02:51:27,2020-05-12 03:07:55,0,223.178.144.127,98,987,0,2020-05-13 03:07:58,R_25NkiiApNL90c3a,,,,,,,anonymous,EN,1,1,35,7,I read the instructions,5,,,3,6,4,,,4,,6,3,,4,7,,6,,,,,,,,,,,,,,,,,,,,,
2020-05-12 03:42:22,2020-05-12 04:40:31,0,100.12.192.32,75,3488,0,2020-05-13 04:40:39,R_3oR3CeXMp1zhqpu,,,,,,,anonymous,EN,1,2,24,7,I read the instructions,,,,,,,,,,,,,,,,,,,,,,,,,,,,,,7,,,,,,,,
